tweetId,tweetCreatedAt,tweetText,tweetUserId,tweetUserName,tweetUserAccount,hashtags
803760754411339776,Wed Nov 30 00:41:11 +0000 2016,curtam o meu cabelo pfv https://t.co/p7gGjJeQ7k,2373256445,Eazy,eduardodias654,[]
803760758588866560,Wed Nov 30 00:41:12 +0000 2016,"JNECare: Dika_komputer Hai gan, admin cek utk nmr resi tsb masih estimasi 2-3 hari, mohon ditunggu ya. Thanks ^Vanya",4327562894,Seohyun,Seohyun_GG91,[]
803760758626615296,Wed Nov 30 00:41:12 +0000 2016,"Walker Apartment by Dupuis Design | https://t.co/zWZ4Ca1fwg
Please RT #architecture #interiordesign https://t.co/m7VmdJAes3",4331003908,Desk Achitecture,desk_design,"[u'architecture', u'interiordesign']"
803760758618263552,Wed Nov 30 00:41:12 +0000 2016,"Kerap Dipasangkan dengan Artis Muda, Randy Pangalila Akui Pacar Cemburuan https://t.co/l1nzgomX7G via detikhot",788378400930930688,Hotel di Singapura,HotelSingapura,[]
803760758605680640,Wed Nov 30 00:41:12 +0000 2016,90779fd5c648bda0245032d0dd22dbe2,1639892070,bombnet #03,_bombnet,[]
803760758609903616,Wed Nov 30 00:41:12 +0000 2016,INFERNO DE ALERGIA ATACADAAAAAA,91608369,juju,jussantos_,[]
803760758605508608,Wed Nov 30 00:41:12 +0000 2016,RT @iramrxh: do you ever just want to sit outside and talk to someone all night because i do,445267828,ira.,nurshrz,[]
803760758601449472,Wed Nov 30 00:41:12 +0000 2016,@movjngon negan didn't kill glenn bc he's a poc end of story,2760002885,ari !!,movjngon,[]
803760758592942080,Wed Nov 30 00:41:12 +0000 2016,@jonathanchait @JenGranholm @MargHartmann @intelligencer   You can't expect INTEGRITY from someone unfamiliar with the concept.,113442589,((IleneToTheWrite)),IleneToTheWrite,[]
803760758622404608,Wed Nov 30 00:41:12 +0000 2016,I just checked in @BurgerKing with #mPLUSPlaces Download today!  https://t.co/3BWkUO8CEW,742128734224953352,Why do you ask?,jiuguizi,[u'mPLUSPlaces']
803760758605516800,Wed Nov 30 00:41:12 +0000 2016,if troye doesn't go and see blessing im unstanning,3151836602,"malia, 24",lordeftroye,[]
803760758626471936,Wed Nov 30 00:41:12 +0000 2016,RT @sciam: Antibiotics used in farm animals may be the largest source of antibiotic-resistant bacteria https://t.co/jc2UQzFRHy,2224516829,Karen Allendoerfer,klallendoerfer,[]
803760758609809408,Wed Nov 30 00:41:12 +0000 2016,Why am I not asleep right now everything is annoying me,1033673886,Hales,haleynikol_10,[]
803760758609870848,Wed Nov 30 00:41:12 +0000 2016,https://t.co/Ffi56zz0Tw,2714821832,SevaXx777,sevas_301,[]
803760758593060864,Wed Nov 30 00:41:12 +0000 2016,Steve Madden Casual Fashion Leather Canterr Black Mens Shoes Boots Sz 9.5 https://t.co/LlnvMpEJkd https://t.co/VmEBQPFnjo,777592476655910912,Joiqsa Meanno,Joiqsa_Meanno,[]
803760758588850180,Wed Nov 30 00:41:12 +0000 2016,This is what college has come to... https://t.co/eKck5l23M8,1405968842,Hudson Johnson,hud_18,[]
803760762791587840,Wed Nov 30 00:41:13 +0000 2016,I liked a @YouTube video from @zsimplyyy https://t.co/uy1Wfdn4Ur INSANE SHOT ON MWR!!!,2939134301,kenna,SCOTlSH,[]
803760762791424000,Wed Nov 30 00:41:13 +0000 2016,A lot of yall single because yall have unrealistic expectations for people instead of being willing to compromise,135985004,91' Jordan,kingnaj,[]
803760762808307717,Wed Nov 30 00:41:13 +0000 2016,RT @NBATV: RT to vote for @DR34M's dream shake in this week's Best Go-To Moves matchup! #BestGoTo2 #FanNight https://t.co/MffkUSW1Jj,1227307975,Ben Eke #RipMUM,chinedumekeh,"[u'BestGoTo2', u'FanNight']"
803760762816761856,Wed Nov 30 00:41:13 +0000 2016,LMAO what..... https://t.co/qnetrXst1e,27755928,| 5 fOOt |,ifOREVER_sHORt,[]
803760762795610112,Wed Nov 30 00:41:13 +0000 2016,RT @Princessofwifi: what's their address? I just wanna talk https://t.co/QbTPMe80SM,55791528,Sashaaa,Sashahoopss,[]
803760762804207617,Wed Nov 30 00:41:13 +0000 2016,https://t.co/EtHUohzYR3,92391661,DONT TREAD ON ME,linea13,[]
803760762820775936,Wed Nov 30 00:41:13 +0000 2016,I don't FIND the time to exercise I MAKE the time to exercise #NOEXCUSES,4548588640,Sexy Fitness Girls,1SexyFitGirl,[u'NOEXCUSES']
803760762812596224,Wed Nov 30 00:41:13 +0000 2016,Justin Timberlake - CAN'T STOP THE FEELING!,2422458950,G Radio Global,GradioGlobal,[]
803760762799853568,Wed Nov 30 00:41:13 +0000 2016,"@DJMemoryMan From Cuban Linx to Cuban Revolution 
https://t.co/4sDyQ99J9c
#FidelCastro #cubanrevolution #jfk",783772595984433152,Activist Arts,Activist_Arts,"[u'FidelCastro', u'cubanrevolution', u'jfk']"
803760762816696320,Wed Nov 30 00:41:13 +0000 2016,RT @wnxhesters: HE DOESNT REMEMBER YOU. HE DOESNT KNOW YOU. HE DOESNT MISSES YOU HE WOULD NEVER EVER KNOW YOUR NAME. DEAL WITH IT.,738859805633314816,ashlen,classicmisha,[]
803760762791395328,Wed Nov 30 00:41:13 +0000 2016,Awak sangat nakal nakal nakal,779385955,tie,atiearshad1,[]
803760762820796416,Wed Nov 30 00:41:13 +0000 2016,@RM_Rose97 sini coba yuk -yugy,716616277263917057,L0L - open agency,L0LGency,[]
803760762804019201,Wed Nov 30 00:41:13 +0000 2016,Papa Johns pizza  is literally so shitty... worst pizza ever,592213265,Miss Atomic Bomb,Reid_GrayGubler,[]
803760762804178944,Wed Nov 30 00:41:13 +0000 2016,RT @MVPGO: I guess headass took the screenshot https://t.co/Ojy5ahX6TJ,2314084597,Andrew Djordjevich,ADjordjevich,[]
803760762812403712,Wed Nov 30 00:41:13 +0000 2016,@renaJKT48 @denniserfindo @JABODETABEK_ Bersedih dengan orang yg tepat lebih baik daripada berbahagia,1321693538,Siti forLadies,SitiforLadies,[]
803760762787229697,Wed Nov 30 00:41:13 +0000 2016,$$$ https://t.co/NBUPc9xi1X,3348457144,frasson,LolaFrasson,[]
803760762795786240,Wed Nov 30 00:41:13 +0000 2016,Libyan general Khalifa Haftar meets Russian minister to seek help https://t.co/u4JHQavTIQ #Libya #RETWEEETME https://t.co/NFg6CkUqRP,4444245981,National NewsB,national_newsb,"[u'Libya', u'RETWEEETME']"
803760766981652480,Wed Nov 30 00:41:14 +0000 2016,Introducing the fac build system https://t.co/EvRZxWkkYN #Programming,410500135,Cx2H,CyberHitchhiker,[u'Programming']
803760766981640192,Wed Nov 30 00:41:14 +0000 2016,"RT @B_Gray_T: Make sure everyone in your ""Boat"" is rowing and not drilling holes when your not looking...Know your circle.",565804297,Sabina,sabcoca,[]
803760766990028800,Wed Nov 30 00:41:14 +0000 2016,"Pittsburgh is making the tough shots, Maryland isn't.",144103183,Julius J.,301Julius,[]
803760767010934784,Wed Nov 30 00:41:14 +0000 2016,"RT @lispethvaldez: Fame is the thirst of youth.

#ALDUBPamahiin",3883793119,LEXAR,deirich_,[u'ALDUBPamahiin']
803760766994305024,Wed Nov 30 00:41:14 +0000 2016,"RT @ItsSheIdon: When you drop your phone, pick it up and your screen isn't cracked https://t.co/nAKZNUm1lZ",575011680,Clariss.,ClarissSimone,[]
803760766990090244,Wed Nov 30 00:41:14 +0000 2016,@oldmancon shrek,142785382,.,pizza_egg,[]
803760766977445888,Wed Nov 30 00:41:14 +0000 2016,161130 krystal by paddock1024 (1) https://t.co/zs9jwfMVm1,703965475634442241,krystal,vosmesooj,[]
803760766985924609,Wed Nov 30 00:41:14 +0000 2016,I'm trying to finish the original Gilmore Girls and I already know that's gonna be my whole winter break,425524679,Alli,allijackson14,[]
803760766977339393,Wed Nov 30 00:41:14 +0000 2016,RT @ShotsArmy: WHERE'S THE MONEY!? https://t.co/5zsWOn9d3Y,769623177018302464,JB,jack_dao2,[]
803760766994288640,Wed Nov 30 00:41:14 +0000 2016,"Keeping with edu, I give loyally to @SaintAnselm b/c I'm so grateful for all I learned there.",19082300,Joseph Parodi,jparodi1201,[]
803760767015059457,Wed Nov 30 00:41:14 +0000 2016,RT @Iifepoems: https://t.co/ONB8X4sLKO,397047300,Unicorn,shangsalvatore,[]
803760766998421504,Wed Nov 30 00:41:14 +0000 2016,@f__araujo k te den,712488524,Alicia.,AliciaVergara8,[]
803760766990110721,Wed Nov 30 00:41:14 +0000 2016,RT @twerkyago: EU TO BERRANDO https://t.co/1iGlGdg65v,771145960214986756,Deyvid  Nunes,DeyvidNunes4,[]
803760766977445889,Wed Nov 30 00:41:14 +0000 2016,Cualquiera diria que Zack Snyder es el director de la pelicula https://t.co/Fju272U4U3,919871035,Rorschach,luigiperry27,[]
803760766981521408,Wed Nov 30 00:41:14 +0000 2016,On ma https://t.co/PEIf9WeiQ3,379305688,D V D d Y,TattedLikAmigos,[]
803760767006670848,Wed Nov 30 00:41:14 +0000 2016,"MASSOB declares fast for Kanu, others https://t.co/8Kv1YN1mCO https://t.co/k4vYivWOFE",704044972274802688,Nigerian Observer,ObserverNG,[]
803760771180228608,Wed Nov 30 00:41:15 +0000 2016,RT @LeonaDivaa: Completamente arrepiada com esse final do Jornal Nacional  https://t.co/y7wYKR7WdN,375272668,Duda,larrystpurpose,[]
803760771205369858,Wed Nov 30 00:41:15 +0000 2016,Lucky shot,836201862,Jo(h)n,JonNardoni,[]
803760771184390144,Wed Nov 30 00:41:15 +0000 2016,C Team Girls Basketball lose at Higginsville by a score of 43-39.  Good effort ladies.,2214720223,OHS Activities,OHS_Activities,[]
803760771209564160,Wed Nov 30 00:41:15 +0000 2016,@ataldawerneck monica iozzi,746877219969073152,Isa,porchamor,[]
803760771196997632,Wed Nov 30 00:41:15 +0000 2016,RT @sextgoalss: https://t.co/KH69VrYSkK,474926701,devrentiller,dmantiller,[]
803760771180220416,Wed Nov 30 00:41:15 +0000 2016,@Dxgger_ @Stumperss @RealSkipBayless seems like more of a distraction,549815722,Hunter,HFralick02,[]
803760771180167168,Wed Nov 30 00:41:15 +0000 2016,"Nowplaying on BCJRADIO (https://t.co/zhmEZwO89u) : #Marillion ""Sugar mice""",434947270,BCJRADIO,BCJRADIO,[u'Marillion']
803760771176005632,Wed Nov 30 00:41:15 +0000 2016,"I just uploaded ""The Scene with Shelley 2911 - Guests - Vigo Thieves, The Jollyboys &amp; Le..."" to @mixcloud. Listen at https://t.co/KzRCQelXAV",848110753,Radio Saltire,RadioSaltire,[]
803760771188527109,Wed Nov 30 00:41:15 +0000 2016,"""A Canadian town is threatening drunk drivers with Nickelback torture"" #tech #feedly https://t.co/H3tkS84Wr9",54577392,Adam Vale,Adamvale,"[u'tech', u'feedly']"
803760771171696640,Wed Nov 30 00:41:15 +0000 2016,u_Immaaa Keterangan signal yang didapat apa kak? Infokan detail via DM yuk kak. Tq ^Cris,787393232720179200,vtae,teh2yungg,[]
803760771197009920,Wed Nov 30 00:41:15 +0000 2016,Photografic - Acho q escreve assim https://t.co/nkNk0N6ReI,764468594688270336,Isa,lovaticbacana,[]
803760771209363456,Wed Nov 30 00:41:15 +0000 2016,Hiii guys @iamdjmdot @B1039Radio Can you please play Bad Things by MGK and Camila Cabello on your Top 8 countdown? Thanks you,164026971,Sam #BadThings,dlsandry,[]
803760771188617216,Wed Nov 30 00:41:15 +0000 2016,RT @LolaLariscy: Shoutout #science fans @MacandCheesepod @BlackDogLucy @WrittenByBWP @josephjohn @S_DeGiorgio https://t.co/O4UgynJaO1,14265112,Katherine Hajer,eyrea,[u'science']
803760771188412416,Wed Nov 30 00:41:15 +0000 2016,@KJlNWOO mau gak yaaaa? https://t.co/907PQlUkjt,3320030216,Hyoca [SM],Hyoca6,[]
803760775370305536,Wed Nov 30 00:41:16 +0000 2016,CFP committee for it right. Good job.,347971167,Tommy,bigbluebigfella,[]
803760775391277056,Wed Nov 30 00:41:16 +0000 2016,The @growafanbase team had a blast hanging with some of the @blueforestvideo crew today. Thanks for talking shop!,18224843,Will Hardison,willhardison,[]
803760775374352385,Wed Nov 30 00:41:16 +0000 2016,Duit da macam air,1974572352,Rin,1993Shazri,[]
803760775403683840,Wed Nov 30 00:41:16 +0000 2016,hey i wish i was eating pussy but whats new :(,2586134438,vada,gyaIheart,[]
803760775391158272,Wed Nov 30 00:41:16 +0000 2016,RT @nich___: I've accepted the fact that my life is completely falling apart,99583665,sigh,Just_McKinley,[]
803760775382695936,Wed Nov 30 00:41:16 +0000 2016,"@hoaegi noooossa vdd, tinha me esquecido KKKKKKKKKKK",801790038799486976,Amanda Caruso,AmandersCaruso,[]
803760775395323904,Wed Nov 30 00:41:16 +0000 2016,RT @adamwaddell15: San Diego State thinking about the game this weekend #GoWyo #PackTheWar https://t.co/5dX6Fn1yyO,2376150763,Lauren Cote,lauren_cote13,"[u'GoWyo', u'PackTheWar']"
803760775399493633,Wed Nov 30 00:41:16 +0000 2016,Socials o modo per giudicare la gente ? https://t.co/8hexNoDjyP,877285147,FLOxC,FLOxC1,[]
803760775374352384,Wed Nov 30 00:41:16 +0000 2016,RT @naysayerr_: my new favourite video on the internet https://t.co/N09NwThztX,49887774,Velcro Ghost,VelcroGhost,[]
803760775399473152,Wed Nov 30 00:41:16 +0000 2016,@IamVerssss https://t.co/nJr4emG7Ne,743428863582101505,sabel,_ysabelparro,[]
803760775370309632,Wed Nov 30 00:41:16 +0000 2016,https://t.co/dDUxCAHP1u,127632532,GLOBAL SCOPE,GLOBAL_SCOPE,[]
803760775391158273,Wed Nov 30 00:41:16 +0000 2016,like i swear i cant describe what i seen and felt it felt like some acid trip and my mind went numb,2839513388,chihuahua,__IDP,[]
803760775391232000,Wed Nov 30 00:41:16 +0000 2016,Jeg kunne lide en @YouTube-video fra @theepiclloyd https://t.co/tcyAEzmk36 Wonder Woman vs Stevie Wonder. Epic Rap Battles of History.,1396910438,Loch Ness,VagnerBHansen,[]
803760775399555072,Wed Nov 30 00:41:16 +0000 2016,Studio Props the White Attic Background Photography Photo Backdrop 10X20FT M-198 https://t.co/IIfhj8lO4Y https://t.co/fkenXnfEfa,778275786134401024,Best Cameras,BestCamerasB,[]
803760775370342401,Wed Nov 30 00:41:16 +0000 2016,@Steam_Support why is this happening with only steam downloads? I tried changing servers and even that didnt help https://t.co/7fb7SHQTAG,1705521038,Zack,justmunchin,[]
803760779598168064,Wed Nov 30 00:41:17 +0000 2016,RT @csydelko: Hmmm ok yes I see your point but consider this: shut up,1700910193,a,howellbrownie,[]
803760779598053378,Wed Nov 30 00:41:17 +0000 2016,Pagiihhh ^^,3177542268,LaLisa,BlackManoban,[]
803760779598163969,Wed Nov 30 00:41:17 +0000 2016,RT @maldonado0923: Truly https://t.co/CCesbZTd35,2321450012,Kay,kayleeblanco07,[]
803760779581235200,Wed Nov 30 00:41:17 +0000 2016,Syd1098 #MTVStarsLadyGaga,118477759,-,GagaxMonstros,[u'MTVStarsLadyGaga']
803760779585523713,Wed Nov 30 00:41:17 +0000 2016,Craving cookies soo bad rn,3201097757,Em,emilypickkkk,[]
803760779585429504,Wed Nov 30 00:41:17 +0000 2016,"@bouncetv classic.

Funny &amp; heart felt",175700242,Jedan,kaptaneamerica,[]
803760779564498944,Wed Nov 30 00:41:17 +0000 2016,"vick explaining the death of a walker:
oh yeah she died
well she was already dead
but now she's really really dead",832036064,shelby sloan,shelbysloannn,[]
803760779577016320,Wed Nov 30 00:41:17 +0000 2016,how can sment live peacefully everyday knowing that they put 3 remixes of one of these nights in an album,756509736955179008,mark,gg_twts,[]
803760779589603328,Wed Nov 30 00:41:17 +0000 2016,Our Tuesday open houses &amp; library take-away days are always such a source of joy for us! We hope you'll stop by... https://t.co/jdORER6eSQ,1544198340,RiverCross Ranch,RiverCrossRanch,[]
803760779593969664,Wed Nov 30 00:41:17 +0000 2016,Aswear https://t.co/kiX0hmyzGJ,593552072,Jikan magaji,_mudEEE,[]
803760779560259584,Wed Nov 30 00:41:17 +0000 2016,Hmm nantuk angad ni,2552959098,Irfan Ghazali,Sangrama__,[]
803760779572944896,Wed Nov 30 00:41:17 +0000 2016,"Preguntas pelotudas no, por favor https://t.co/M3pMTYKObT",840696182,Melisa,drewbiebsk,[]
803760779585462272,Wed Nov 30 00:41:17 +0000 2016,RT @lovelycherryyyy: https://t.co/Fi5blBOK1n,1359260078,Smol Angel,LoopsOnMyHoops,[]
803760779585404928,Wed Nov 30 00:41:17 +0000 2016,Easy way to find casual sex partner(s) near you right now! Try this out! https://t.co/jtUZT3UsyH https://t.co/k5AWlf1XPl,3376810533,Ladies Got Horny,LadiesGotHorny,[]
803760783784022016,Wed Nov 30 00:41:18 +0000 2016,Hiliary Clinton is  Democrat  debate popular vote nomination 2016,798201823056240640,I Am a Robot,robot1661,[]
803760783754727425,Wed Nov 30 00:41:18 +0000 2016,"RT @Jaycin71: Donald Trump Made THREE Appointments Today, Here\'s What His FULL Team Looks Like So Far https://t.co/mgZgXDWWPS",186278633,Sunshinette,sunshinette,[]
803760783754661889,Wed Nov 30 00:41:18 +0000 2016,THE PURPLE HAZE TAPE IS FIRE AF,253718348,SPACE /G\OD,Spaceman_Jeff,[]
803760783788277760,Wed Nov 30 00:41:18 +0000 2016,https://t.co/zzLkVRfB9q: Wo sind all die Romeos / Beatrice Egli (@beatriceegli) https://t.co/34p87K72GY #Schlager,3318851181,1000 Webradios,1000webradios,[u'Schlager']
803760783792312321,Wed Nov 30 00:41:18 +0000 2016,"YUNG MGA NAGBANTA SAKIN KAHAPON BAKA MANGYARE NGA, SARAP NG PAALMUSAL NIYO.",2302300080,Jhay-ann Acosta,a_jhayann,[]
803760783754723328,Wed Nov 30 00:41:18 +0000 2016,"RT @Elcrucificado_: FELICIDAD ES TODO AQUELLO QUE SE BRINDA SIN RESERVAS, UNA FLOR, UN BESO, LA TERNURA Y EL AMOR... https://t.co/NnyMlK8CeE",175467650,Polo D No Futuro,PoloSerrato,[]
803760783767109632,Wed Nov 30 00:41:18 +0000 2016,RT @ShotsArmy: WHERE'S THE MONEY!? https://t.co/5zsWOn9d3Y,717909861963444224,LolisLuna,LolisLuna04,[]
803760783792476160,Wed Nov 30 00:41:18 +0000 2016,#MTVStarsBeyonce https://t.co/klZ6gtbUbT,1967505853,PokPokRTT RT NOW,pokpokRTT7,[u'MTVStarsBeyonce']
803760783775637504,Wed Nov 30 00:41:18 +0000 2016,"RT @TopTierU: Listen to Arnold, kids https://t.co/uMQuPrapqa",546547873,Avery Arstikaitis,HDzkittysET,[]
803760783758950400,Wed Nov 30 00:41:18 +0000 2016,sigan a @DmsRaress  a los 100 seguidores estara dando dms de distintos famosos tipo justin ariana grande etc,4794071182,SORTEOS EVOLUCION,CMBTEVOLUCION,[]
803760783775715329,Wed Nov 30 00:41:18 +0000 2016,vt3 #MTVStarsFifthHarmony https://t.co/ktn3nAgJk6 https://t.co/0ES3dcUWqU,802908932062801920,Ahhsha,harmopow3,[u'MTVStarsFifthHarmony']
803760783783968768,Wed Nov 30 00:41:18 +0000 2016,I posted a new photo to Facebook https://t.co/qk4vCDGCvf,708605420,Jessa Ann,imjessavasallo,[]
803760783779713024,Wed Nov 30 00:41:18 +0000 2016,https://t.co/cu1r6yfz1x,797534979660087296,F,E45Gp,[]
803760783767273472,Wed Nov 30 00:41:18 +0000 2016,RT @SirStrange_: My fitness. https://t.co/ey8GjXtRJU,40806775,BADU's SON,DopeBlackKing,[]
803760783758794752,Wed Nov 30 00:41:18 +0000 2016,RT @OwToTheZie: Beratus kali aku tengok pun aku mengilai sambil mulut bau petai https://t.co/YKPNVU9RGN,228954443,A.Sophia,lvfiee,[]
803760783758766081,Wed Nov 30 00:41:18 +0000 2016,"aku takan memaksamu untuk tinggal, pergilah jika bahagiamu bukan bersamaku, dan doa terbaiku akan selalu menemani setiap detik hidupmu.",2875920783,RokayahDhiafakhri,Rokayah_IDR,[]
803760783788310528,Wed Nov 30 00:41:18 +0000 2016,Up to GBP20 matched bet - bet now with Marathonbet - https://t.co/9VrpWBVbqP https://t.co/tddEvF6E3C,2602309838,Spurs FC Chat Zone,spurschatzone,[]
803760787949060096,Wed Nov 30 00:41:19 +0000 2016,RT @Zestygreninja: @imabidoof https://t.co/x4rhzTckAl,280754884,joseph,imabidoof,[]
803760787953221633,Wed Nov 30 00:41:19 +0000 2016,RT @beautifulllbri_: #WorryAboutYoOwnHoe2017,3089671682,Splash_Kingz,Metroo_803,[u'WorryAboutYoOwnHoe2017']
803760787953254400,Wed Nov 30 00:41:19 +0000 2016,Sunset view from window 8 #dtla #downtownflats orpheumtheatrela @ THE ORPHEUM THEATRE https://t.co/DvNPEdlMhR,24338147,JAY FLATS,JAYFLATS,"[u'dtla', u'downtownflats']"
803760787978235904,Wed Nov 30 00:41:19 +0000 2016,@nolanbrennan4 ?,45707366,Anthrax (Band),Anthrax,[]
803760787969871873,Wed Nov 30 00:41:19 +0000 2016,Me ponen el coso con ensalada antes q el resto d comida..No vez q me lo comooo.. sacalo,592812064,Negra,OrianaBelenRod,[]
803760787961413632,Wed Nov 30 00:41:19 +0000 2016,RT @NikeOvaHoes: Lemme find out Walmart got the gear https://t.co/E84jPWhRgC,2918194434,Baby1,anvika007,[]
803760787969839104,Wed Nov 30 00:41:19 +0000 2016,RT @NikeOvaHoes: Lemme find out Walmart got the gear https://t.co/E84jPWhRgC,771138760876625920,Classic,amykroos,[]
803760787961483264,Wed Nov 30 00:41:19 +0000 2016,RT @NikeOvaHoes: Lemme find out Walmart got the gear https://t.co/E84jPWhRgC,4282421054,Awkward Fact,AwkardFact,[]
803760787969818624,Wed Nov 30 00:41:19 +0000 2016,RT @NikeOvaHoes: Lemme find out Walmart got the gear https://t.co/E84jPWhRgC,783788215497031681,Withson Ray,Auskoye2387,[]
803760787974017024,Wed Nov 30 00:41:19 +0000 2016,"This video's by @Transperth but it applies here too, especially once @TransLink's #Evergreen line's opened on Friday https://t.co/ROLZKRu9hg",85471631,HUB,WeAreHub,[u'Evergreen']
803760787961495552,Wed Nov 30 00:41:19 +0000 2016,"@odixon10 Hi Olivia, That doesn't sound right. Could you let us know what happened? ^Ken",987335952,Best Buy Support,BestBuySupport,[]
803760787957256194,Wed Nov 30 00:41:19 +0000 2016,RT @NikeOvaHoes: Lemme find out Walmart got the gear https://t.co/E84jPWhRgC,3107814168,The Notebook,anotbok,[]
803760787969884161,Wed Nov 30 00:41:19 +0000 2016,RT @cabeyocake: @lovesonly @camilacabello97 kiss Lauren https://t.co/OibHFoNQGp,746421530,Diana Gutierrez,8DianaGutierrez,[]
803760787961413633,Wed Nov 30 00:41:19 +0000 2016,https://t.co/OJFbbz2wB4,3348048140,5SOS Summer Free DMs,5SecondsOfSummo,[]
803760787974037504,Wed Nov 30 00:41:19 +0000 2016,RT @FIGHTBEAST_: I had to draw it #Pokemon #PokemonSunMoon https://t.co/MVKHqzrVHu,3520683198,rotten ass panty,gurofetish,"[u'Pokemon', u'PokemonSunMoon']"
803760787982405632,Wed Nov 30 00:41:19 +0000 2016,"Wow, I love @Listia! I just won this for free, Baby Raccoon original drawing aceo cyber week deal  https://t.co/MDaQfqgINF",2232201294,MK Higgins,MKArtist511,[]
803760787965825024,Wed Nov 30 00:41:19 +0000 2016,i'm too young to be this stressed.,2282610448,Pam,pameBxx,[]
803760787953106946,Wed Nov 30 00:41:19 +0000 2016,RT @5SOS_Daily: https://t.co/VbP7BgC8gk,2687078953,jelsnjdbekans,gianna_xoxoo,[]
803760787982385152,Wed Nov 30 00:41:19 +0000 2016,FACETIME WITH MY DOG I LOVE HIM AND I MISS HIM https://t.co/sgRYs5Pg9Z,790014616709595136,sp,shyannnnnp,[]
803760792168517632,Wed Nov 30 00:41:20 +0000 2016,@mellealizee hola buen dia - me gustan tus canciones saludos desde Colombia,803757976481923072,Edward Villada,villada_edward,[]
803760792168448000,Wed Nov 30 00:41:20 +0000 2016,I just made a video of me dancing to thanks for the memories who wants it,756469814265249792,bridget,titledolan,[]
803760792180883456,Wed Nov 30 00:41:20 +0000 2016,"RT @glkboozer: Every Retweet = 1 vote 
#ProBowlVote
Ryan Tannehill
Jay Ajayi
Jarvis Landry
DeVante Parker
Kenny Stills",737679403,HEAT,heni_hooper33,[u'ProBowlVote']
803760792160137217,Wed Nov 30 00:41:20 +0000 2016,RT @RanttNews: President Barack Obama and President-elect Donald Trump both respond to Fidel Castro's death https://t.co/A14MFzg6zP,3306164498,Cathy,mygirlgarnet,[]
803760792168316928,Wed Nov 30 00:41:20 +0000 2016,"RT @BIUK_Politics: Britain could lose out on 215,000 extra workers under a hard Brexit https://t.co/pu0svsbWdB https://t.co/MXeqbcle18",3410937027,Raphael Dogg,raphaeldogg,[]
803760792160141312,Wed Nov 30 00:41:20 +0000 2016,"RT @mcallmida: Primeiro o Freddie e agr esse futuro bebe do liam EU NAO TENHO ESTRUTURA MINHA GENTE
Liam e Cheryl",1414049528,bea,greysjdb,[]
803760792172691456,Wed Nov 30 00:41:20 +0000 2016,Can nickens just graduate,38568292,D'Andre Savoy,TIKEdre,[]
803760792176824320,Wed Nov 30 00:41:20 +0000 2016,&lt;&gt; #MTVStarsBeyonce https://t.co/g9Xqalg9qG,767739457479045120,PokPokRTT RT NOW,pokpokRTT10,[u'MTVStarsBeyonce']
803760792159952896,Wed Nov 30 00:41:20 +0000 2016,lmao Alexus https://t.co/f7SGCi4Igb,2912520974,aleena,AleenaTheGreat,[]
803760792176705536,Wed Nov 30 00:41:20 +0000 2016,Where can I find this outfit at ? https://t.co/nH8wHbdAyT,28941344,Trainer Deja,She_Halfrican,[]
803760792143269888,Wed Nov 30 00:41:20 +0000 2016,RT @Dukey_bby: When you've been home for 3 hours and you look up and see '3G' instead of the wifi symbol https://t.co/wnL50n6Zss,485048885,azaria,azariahaughton,[]
803760792159993856,Wed Nov 30 00:41:20 +0000 2016,queria agradecer por esse gif https://t.co/juSmiWoADs,3229125046,larissa,allons_me,[]
803760792172515328,Wed Nov 30 00:41:20 +0000 2016,"Telcos to offer single log-in option across online services
https://t.co/Nhmk3I02fx https://t.co/tN3nBBTZwi",41085467,TODAY,TODAYonline,[]
803760796375388161,Wed Nov 30 00:41:21 +0000 2016,RT aye_lexas #MTVStarsLadyGaga,2750457761,-,slayqveenx,[u'MTVStarsLadyGaga']
803760796371193856,Wed Nov 30 00:41:21 +0000 2016,"RT @tahinalopez__: Que rico tener a alguien al que le digas: ""vamos a tal sitio"" y te diga: ""vamos"" sin excusas ni peros.",394307628,tati,tahinalopez__,[]
803760796350156800,Wed Nov 30 00:41:21 +0000 2016,Somos dos https://t.co/dg1JyAS0o1,3344616759,Luciano.,LuchiLopez_9,[]
803760796350169092,Wed Nov 30 00:41:21 +0000 2016,"RT @igoaftvigna: El abrazo de Flor y Horacio 

VAMOS POR ESA FINAL VIGNA https://t.co/4uHbcsDALu",2332152162,"r,",icaftvigna,[]
803760796354416640,Wed Nov 30 00:41:21 +0000 2016,Trump to Announce Carrier Plant Will Keep Jobs in U.S. https://t.co/rBIAEXtps8,3233662241,Jigisha Llewhellin,fawyhulemece,[]
803760796370993154,Wed Nov 30 00:41:21 +0000 2016,RT @WagAssuming: There's always something good coming. Remember that.,760759045531709441,Hanna Grace Domrigue,DomrigueGrace,[]
803760796358438912,Wed Nov 30 00:41:21 +0000 2016,"""You're all just exaggerating""

And you just gave yourself hole-dwelling privileges.  Fuck off.",2960453291,RaRa of the Floofs,RaRaFoxr,[]
803760796370993153,Wed Nov 30 00:41:21 +0000 2016,"Obama's doing ""good things"" like Trudeau is doing ""good things"". Which is to say they're great at PR &amp; not much else. #tytlive",2320513861,RaferMadness,suddeneternity,[u'tytlive']
803760796358483968,Wed Nov 30 00:41:21 +0000 2016,RT RT RT ChrisBorchardt1 #MTVStarsLadyGaga,801605459702595585,.,Iadygagavotes,[u'MTVStarsLadyGaga']
803760796350160896,Wed Nov 30 00:41:21 +0000 2016,@JohanGartner @KPENN90 @RonHextall https://t.co/qyj28FkI14,1527419726,Diego Medina,MrMehdina,[]
803760796337668104,Wed Nov 30 00:41:21 +0000 2016,"RT @Cubs: #Cubs and OF Jon Jay have agreed to terms on a one-year contract. Welcome, @jonjayU! https://t.co/bQML4Iagyo",42138225,Reed Good,reedgood,[u'Cubs']
803760796354236416,Wed Nov 30 00:41:21 +0000 2016,"RT @LorenzoEnrique_: Hazme lo que quieras, menos hacerme perder el tiempo.",2374531793,nil,niliam_vega,[]
803760800557072385,Wed Nov 30 00:41:22 +0000 2016,SAUCONY Kinvara 4 Zapatilla de Running Caballero https://t.co/qDmhuIg2WZ,771225021381431296,Carreteraymanta,de_correr,[]
803760800552943616,Wed Nov 30 00:41:22 +0000 2016,"Se fue el kirchnerismo y ganamos la Davis...
Aparte de chorros eran mufa!",961021904,Gustavo A. Bruzone,GustavoBruzone,[]
803760800569626624,Wed Nov 30 00:41:22 +0000 2016,RT @Sofy1202: white people logic: don't come into my country but i'm gonna go on vacation in yours.,361110133,Caucasian Dylan,Jnouwop313,[]
803760800561328128,Wed Nov 30 00:41:22 +0000 2016,@MyDudeSteven @TheChuckieJ doesn't matter 2 losses the last 3 weeks ... they should've won the game,2151671287,#FreeJavinDeLaurier,Champagnephilly,[]
803760800548683776,Wed Nov 30 00:41:22 +0000 2016,"For him, it was school issue: He went to HS in a rich suburb and that changed things 4 him, he wants his kids to have that. Not mad at that",372097950,Igbo Oke,SerahOke,[]
803760800531972096,Wed Nov 30 00:41:22 +0000 2016,"Acredite isso vai passar, sempre passa!",199853888,Wilbor,wilborcarvalho,[]
803760800561266688,Wed Nov 30 00:41:22 +0000 2016,@axolotlspet duh,698339612947648512,Cassie,zassiecaleski,[]
803760800544346113,Wed Nov 30 00:41:22 +0000 2016,Certos momentos podiam nunca ter fim,4450302735,Freedom,alleexviera,[]
803760800552787968,Wed Nov 30 00:41:22 +0000 2016,@katyburry https://t.co/afRzIBQO9d,548658218,Clay Duncan,Yogi_Bert,[]
803760804738826240,Wed Nov 30 00:41:23 +0000 2016,RT @BrooksDslbrooks: @ArthurA_P @KellyWirth3 And distracting from talk about his conflicts of interest.,4137801153,Kelly Wirth(((FRAT)),KellyWirth3,[]
803760804742971392,Wed Nov 30 00:41:23 +0000 2016,RT @ShotsArmy: WHERE'S THE MONEY!? https://t.co/5zsWOn9d3Y,797279757830356992,Bere,BereCardozo121,[]
803760804751441920,Wed Nov 30 00:41:23 +0000 2016,#Vintage Christmas Table Decoration by TheEternalMuse #christmas #shopping #decoration #etsylove #sale  https://t.co/IeUrWBQsiL via @Etsy,726163300535422977,TheEternalMuse,TheEternalMuse,"[u'Vintage', u'christmas', u'shopping', u'decoration', u'etsylove', u'sale']"
803760804747018241,Wed Nov 30 00:41:23 +0000 2016,https://t.co/afsPMSyNSo,392342085,melissa,teamo_javier,[]
803760804747038720,Wed Nov 30 00:41:23 +0000 2016,Era ain't getting a text back for a min after what she just said,2785847410,The Hulk,Rigo_Hulk,[]
803760804738670592,Wed Nov 30 00:41:23 +0000 2016,Just posted a photo https://t.co/PCUhyTjg1K,3307518537,Opey Tailor,OpeyTailor,[]
803760804751376384,Wed Nov 30 00:41:23 +0000 2016,@DennisWardNews @JustinTrudeau Another forked tongue moony eyed  devil with his flock of black robed vultures.,3311833980,Richard Olson,WhiteBuffalo333,[]
803760804763987969,Wed Nov 30 00:41:23 +0000 2016,RT @lover_humor: https://t.co/Ose0szPPOS,3522333852,RetroBass272,VaughnTerrel,[]
803760804755488772,Wed Nov 30 00:41:23 +0000 2016,RT @NotesForGirlz: my mind 99.9% of the time https://t.co/HuCFCtxCX0,2913934922,crystal bibiano,crystalbibi_14,[]
803760804730261504,Wed Nov 30 00:41:23 +0000 2016,"To aqui na casa do reptil , como os amigo jogando um futebol kkk",3793385973,#lutochape,pirelle_lucas,[]
803760808954134528,Wed Nov 30 00:41:24 +0000 2016,IndosatCare: u_Immaaa Keterangan signal yang didapat apa kak? Infokan detail via DM yuk kak. Tq ^Cris,745808219088420864,CHAEYEON.,j_chaeyon,[]
803760808941469696,Wed Nov 30 00:41:24 +0000 2016,"RT @Miss_Dyna_Mite: I knew u were bad news darling..
I jus never bothered to care",991583569,Caffeine in ur cafe,Abeyaance,[]
803760808937263104,Wed Nov 30 00:41:24 +0000 2016,Yum!,2292052406,DiligentTraveler,DiligentTravelr,[]
803760808945745920,Wed Nov 30 00:41:24 +0000 2016,RT @CrazyinRussia: Nice haircut. https://t.co/yslm83O5iI,2576859542,Kaiser AJ von Vinter,kaiservonvinter,[]
803760808928776192,Wed Nov 30 00:41:24 +0000 2016,Don't you just hate the guess who are not uninvited,593736257,A. Deviana,AlfaniDeviana,[]
803760808920420353,Wed Nov 30 00:41:24 +0000 2016,"RT @theIRC: You can change a girl's life. Your gift of $58 sends a girl to school for a year.
 https://t.co/85JlygbIsZ",759155531332390912,Nancy Yarosis,YarosisNancy,[]
803760808937357312,Wed Nov 30 00:41:24 +0000 2016,RT @BestGalaxyPics: https://t.co/B24SZYHyCg,352122174,Jennifer,OhhJennayy,[]
803760808932978688,Wed Nov 30 00:41:24 +0000 2016,@Walter_Tactics @YouTube awful,750527100164136960,H.,ffsayew,[]
803760808958144512,Wed Nov 30 00:41:24 +0000 2016,@manugavassi KKKK,4704974915,Jhulie,DramaticDaManu,[]
803760808953946112,Wed Nov 30 00:41:24 +0000 2016,"RT @TioFinch: Me encanta ver como la gente se pelea por un lugar en el metro, para que bajen en la que sigue jaja.",3146300624,Brenda Cap,BrenUuUr,[]
803760808933068801,Wed Nov 30 00:41:24 +0000 2016,smartfrencare: taufik3010 perangkat silahkan kunjungi https://t.co/vBjDSACK4M . Terimakasih RS,744702718619455488,P E A,ppeatsr,[]
803760808941461504,Wed Nov 30 00:41:24 +0000 2016,Migraine headache = candlelight dinner #brightside,1138205773,Lisa TS,lts101,[u'brightside']
803760808933007360,Wed Nov 30 00:41:24 +0000 2016,CFP stands for college football popularity.,175148479,Jamie Truman,jamie_truman,[]
803760813131657217,Wed Nov 30 00:41:25 +0000 2016,"RT @SpongebobMemory: oh SILLY me, I got the DIET shampoo. https://t.co/sURPFxUB4u",2955114276,Jolly Matzo Ball,matzkethegreat,[]
803760813148426241,Wed Nov 30 00:41:25 +0000 2016,Telkomsel: Noe_Mahmud [3] Terima kasih :) -Tari,782926460956778496,scoups,svtnleadr,[]
803760813118988288,Wed Nov 30 00:41:25 +0000 2016,RT @Mavi_Vignista: Igual me gustaria saber quien organiza los TTs. Mas les vale que sean Vignistas. VAMOS POR ESA FINAL VIGNA,1403788759,cam,vignaftjauregui,[]
803760813152538624,Wed Nov 30 00:41:25 +0000 2016,I listen to herbo Tink wayne drake tiller durk mainly LUCCI,276305793,Goddess,dmoneeeeey,[]
803760813123059712,Wed Nov 30 00:41:25 +0000 2016,Kingina,719450437523353601,DorangBusog,alyszxa_mariano,[]
803760813135708160,Wed Nov 30 00:41:25 +0000 2016,New to this Twitter thing. Not sure how it all works yet lol,803754038126780416,Ashley Groft,thatgirlashleyg,[]
803760813144150016,Wed Nov 30 00:41:25 +0000 2016,@maddiemcoulonn looks sooooo unhealthy. Yum,3026215238,marti.,MartiiLynn_,[]
803760813135671301,Wed Nov 30 00:41:25 +0000 2016,RT @rxegann: Loneliness is the worst feeling of them all.,2868328991,tatianna,tatiannacook1,[]
803760813152538625,Wed Nov 30 00:41:25 +0000 2016,RT @Karinhosa__: mastered the art of observing,547734202,Bambi,Angie_Mariex33,[]
803760813148356608,Wed Nov 30 00:41:25 +0000 2016,Que pena que acaboooooou,3405154666,Gabriela Zancheta,aZancheta1,[]
803760813118877696,Wed Nov 30 00:41:25 +0000 2016,RT @bapmason: #l.r.o. https://t.co/1KRO8kLslr,797137930716229633,lro ent,lrorecordz,[u'l']
803760813118885888,Wed Nov 30 00:41:25 +0000 2016,RT @DoryLmao: The Most Ridiculous Things People Got in Trouble For At School https://t.co/qYDafnuA0c,3152169642,Sarcasm,ThatSarcasmLol,[]
803760813114675201,Wed Nov 30 00:41:25 +0000 2016,"Ticket Update:  Layaway and Price Level 2 tickets for FIELD GA are SOLD OUT.  Field tickets are still available,... https://t.co/RaN5OjH0xR",23883769,Rock On The Range,rockontherange,[]
803760813123178496,Wed Nov 30 00:41:25 +0000 2016,QUE FOFA PARECE UM PEIXINHO https://t.co/Rdq0wlyHqR,729777099150610432,joseph,jundyou,[]
803760813123244033,Wed Nov 30 00:41:25 +0000 2016,"RT @TheDemocrats: Thanks, Obama. https://t.co/mSSqaJL2tT https://t.co/fqphUTr4LD",786390803627188224,Vicki Zerba-Jones,kirklanfan,[]
803760813135671296,Wed Nov 30 00:41:25 +0000 2016,RT @BradGivesNoFuks: Ladies nothing is more important then blessin a Nigga waiting for pussy with pussy,1673790055,Leonardo Da Grinchey,muchachoVargas,[]
803760813114691584,Wed Nov 30 00:41:25 +0000 2016,RT @DoryLmao: The Most Ridiculous Things People Got in Trouble For At School https://t.co/qYDafnuA0c,3164678315,Lmao Tweets,ThatLmaoTweet,[]
803760813152432128,Wed Nov 30 00:41:25 +0000 2016,@puspitapitt kamu bindo dapet brp dulu? kalo gk ada tnda baca '!' brrti kalem,543995663,Opick RF,Opekrf,[]
803760817330155520,Wed Nov 30 00:41:26 +0000 2016,Telkomsel: chivaalrous Saya cek tidak ada gangguan pembelian aplikasi di Google Play. Harga aplikasinya berapa? -Nada,782926460956778496,scoups,svtnleadr,[]
803760817321738240,Wed Nov 30 00:41:26 +0000 2016,q dia longo affffffff vou dormir flw,388350862,ju,xxtrokes,[]
803760817325875200,Wed Nov 30 00:41:26 +0000 2016,RT @JaredWyand: Anyone watching @tariqnasheed on FoxNews acting like he just snorted an 8-ball through a slurpee straw?,2452015586,Joe Buck,ILSRico,[]
803760817309097984,Wed Nov 30 00:41:26 +0000 2016,AAaaaaayyy No Puedo Tenerle Tanta Paciencia A Este Celular Del Ortoo -.-,400306338,Yeroo RR,YerO_o,[]
803760817313153025,Wed Nov 30 00:41:26 +0000 2016,Your so pathetic lmao,1932868962,Elizabeth,_elizabeth1597,[]
803760817342558209,Wed Nov 30 00:41:26 +0000 2016,RT @5SOS_Daily: https://t.co/VbP7BgC8gk,2208332156,AJ,sorryimaj,[]
803760817325961216,Wed Nov 30 00:41:26 +0000 2016,RT @30SecPranks: This has to be one of the most entertaining dance videos https://t.co/qeSJonwpKQ,3309106124,Austin Gellenbeck,Supaflyyy21,[]
803760817317564416,Wed Nov 30 00:41:26 +0000 2016,Don't forget to subscribe to Psycosmic Minecraft https://t.co/sLB2DWNuIH #Minecraft,725987288849764352,WCGS-Servers,wcgs_servers,[u'Minecraft']
803760821532839939,Wed Nov 30 00:41:27 +0000 2016,My #goal is to deny yours. #Hockey,2464610155,Ice Hockey Skills,IceHockeySkills,"[u'goal', u'Hockey']"
803760821532839945,Wed Nov 30 00:41:27 +0000 2016,RT @Lynnsgr8byz: Light Blue Crocheted Flower Barrette Free Ship.. https://t.co/ZKPYXX4qM0 #etsymntt #etsyretwt https://t.co/sZ64jr6iqr,4094307973,GrooveWithTheGrain,GroovewtGrain,"[u'etsymntt', u'etsyretwt']"
803760821520265217,Wed Nov 30 00:41:27 +0000 2016,Taxes that hit biscuits to be re-examined but where does that leave Jaffa Cakes? https://t.co/FtMelkgna7,3235443249,Demarco Bleackley,lupefemujyt,[]
803760821532839940,Wed Nov 30 00:41:27 +0000 2016,Barbara Mandrell - (If Loving You Is Wrong) I Don't Wanna Be Right #nowplaying #radiowithroots,2521968735,93.5 KSCR-Jack Blair,KSCR_FM,"[u'nowplaying', u'radiowithroots']"
803760821520084992,Wed Nov 30 00:41:27 +0000 2016,"RT @CarlForrest: Hush
#streetart #mural #graffiti #art https://t.co/Omi9kA7sxx",3441936755,NDR,NNNdr,"[u'streetart', u'mural', u'graffiti', u'art']"
803760821541208064,Wed Nov 30 00:41:27 +0000 2016,@Lyonfitt Cual es el precio?,2256920257,Luis Kravitz,SlashKravitz,[]
803760821528510465,Wed Nov 30 00:41:27 +0000 2016,RT @HoustonTexans: .@clownejd and the kids checking in! https://t.co/fNHGFrINBH,2265274656,Bimp Lizkit,Yobokashi,[]
803760821528473600,Wed Nov 30 00:41:27 +0000 2016,Stylish Womens Retro Genuine Leather Boots Belt Buckle Warm Zipper Ankle Boots https://t.co/tug2nGm1wj https://t.co/mA3Mk9yxJz,776908128344420352,Special ClothingShoe,SpecialClothin,[]
803760825718730752,Wed Nov 30 00:41:28 +0000 2016,@AURORAmusic do you watch Skam?,80330303,Willian Silva,ikariwill,[]
803760825697759232,Wed Nov 30 00:41:28 +0000 2016,"On the Runway: Samantha Cameron, From 10 Downing Street to Selfridges https://t.co/Q8fqFxqg26",3235443249,Demarco Bleackley,lupefemujyt,[]
803760825706151937,Wed Nov 30 00:41:28 +0000 2016,RT @jayybeyond: Real love feels like 2000's slow jams https://t.co/x1NIWalKe0,727920006596452352,Tre'Sure,idealtresure,[]
803760825727127552,Wed Nov 30 00:41:28 +0000 2016,RT @CamilleStein: Tsuchiya Koitsu (1870-1949) - https://t.co/AJah8tgRUO / RT @MenschOhneMusil,2881162246,Martha Elena Rangel,merv59,[]
803760825714343936,Wed Nov 30 00:41:28 +0000 2016,RT @FakeLibStats: 6% of librarians plan to bring their special rum cake to the library holiday party; special because there isn't any cake,18143316,Whitney Jenkins,whitneyj210,[]
803760825710223360,Wed Nov 30 00:41:28 +0000 2016,"@AndyGiannelli pero en plaza Moreno amigo, en el barrio tranqui",1847768558,Chiki,chikii01_,[]
803760825731166208,Wed Nov 30 00:41:28 +0000 2016,"@regulartexan @tanyaferrera 

Yeah, why let a little deceitful propaganda get in the way of your feelz.

Carry on clown...",1643303508,WINNERS WIN!,CelebrateTheWin,[]
803760825718767616,Wed Nov 30 00:41:28 +0000 2016,@akridgexleave Watch us on your browser using the URL: Flurrylive/ the name of the broadcaster you want to watch,4907391010,Flurry Live,flurrylive,[]
803760829908877312,Wed Nov 30 00:41:29 +0000 2016,@Cernovich @transition2017 He could have been an insider the whole time maybe?,784588568551419904,Banning me is racist,this1isno1,[]
803760829913006080,Wed Nov 30 00:41:29 +0000 2016,RT @CauseWereGuys: So true https://t.co/wvvMO0lIlM,1494391902,Kris,SirkHD,[]
803760829921456129,Wed Nov 30 00:41:29 +0000 2016,@GabrielFritzen1 nao pq kkkkk,382746042,gabriela,gabi_koling,[]
803760829900455941,Wed Nov 30 00:41:29 +0000 2016,RT @TheTumblrPosts: Christmas when you were 7 years old vs Christmas now https://t.co/nusGiDK5m6,414418715,taylor richardson,taylorlynr,[]
803760829891887104,Wed Nov 30 00:41:29 +0000 2016,"RT @ThatFunnyGirI: 12 Years In A Coma Hearing Everything, His Mother Saying 'I hope you die.' https://t.co/YDJkLjFnfT",3055522248,Sarcasm,TheSarcasmWorld,[]
803760829908848640,Wed Nov 30 00:41:29 +0000 2016,RT @FreddyAmazin: Me in November vs me in December https://t.co/Yoc0AlBc5a,363463546,Kelsey Russell,kelkel_13,[]
803760829929635840,Wed Nov 30 00:41:29 +0000 2016,RT @JMuehlbauer7: You really don't know what you got till it's gone... TJ #7 FOR LIFE,1245114673,Quinton Hill,Qhill32,[]
803760829921251328,Wed Nov 30 00:41:29 +0000 2016,NetWire RAT Steals Payment Card Data | SecureWorks https://t.co/GCLXEP89dT,58821281,Masafumi Negishi,MasafumiNegishi,[]
803760829921423360,Wed Nov 30 00:41:29 +0000 2016,@BeGlam_ same here. Never knew or cared what the big deal was.,553105423,Wes,BateastL,[]
803760829921460228,Wed Nov 30 00:41:29 +0000 2016,Iconic https://t.co/pCufyWdrwG,2532764594,MOLLY,melvinam_,[]
803760829921312770,Wed Nov 30 00:41:29 +0000 2016,"Transporter 2 (DVD, 2006, Widescreen) SLIPCOVER &amp; CASE ONLY  . https://t.co/yA04P1OfVe https://t.co/y9rAcbsXy7",776445467433459714,Outstanding DVDs,OutstandingDVD,[]
803760834115735552,Wed Nov 30 00:41:30 +0000 2016,RT @bubblestbh: november really lasted 4 seconds.,1719507150,ciera,cieraptv,[]
803760834098905088,Wed Nov 30 00:41:30 +0000 2016,RT @kentsoccerclub: 41' G-Ross [Rough Riders Red:11 Ellect FC:2],838632757,Ross Adair,_RADAR_3,[]
803760834107375616,Wed Nov 30 00:41:30 +0000 2016,"RT @adennis318: I need something to recenter myself, I haven't been myself lately",2579079732,averie ig,Averie_brackin,[]
803760834111537152,Wed Nov 30 00:41:30 +0000 2016,RT @theScoreNHL: Report: Coyotes would consider dealing Duclair https://t.co/Fie6WnlJ9C https://t.co/Tk27ykEgWn,594896177,Ryan Thomas,ryanthomas916,[]
803760834090598400,Wed Nov 30 00:41:30 +0000 2016,https://t.co/iTN4YduRLe,1453017326,fiona,joycevieirat,[]
803760834119864321,Wed Nov 30 00:41:30 +0000 2016,"If you show skype DMs, you have to scribble out the profile pic and name my dude. 

Not cool.",4851621362,goodguy,RinnFox,[]
803760834115575808,Wed Nov 30 00:41:30 +0000 2016,23,734108800727158784,@,MokaTea_,[]
803760834119954432,Wed Nov 30 00:41:30 +0000 2016,yes. https://t.co/jXr8XR1o8q,1868964229,T.,_itstaaty,[]
803760834111381507,Wed Nov 30 00:41:30 +0000 2016,"@CopperCab @franz_soap So can I have the coincidence detector back?  Only fair, you see.",800007833840447492,DeplorableAmerikaner,MAGA_Amerikaner,[]
803760834107228160,Wed Nov 30 00:41:30 +0000 2016,"RT @ktumulty: @maggieNYT also, this. Best POTUS memo ever. https://t.co/uXNuYIFvE7",794025362183188480,Citizen WMA,autokathauto,[]
803760834102980608,Wed Nov 30 00:41:30 +0000 2016,RT @LONGDlSTANCE: I want to be in your arms where you hold me tight and never let go.,2877275802,Princess,loganfaithkaska,[]
803760834115608576,Wed Nov 30 00:41:30 +0000 2016,@IanValondo heh! Sinong nagsabi? Hindi man ako sinabihan ni Kuya Aldrin. Nyenyenye,732514286778490880,ALAINA,allygrnde,[]
803760834098794500,Wed Nov 30 00:41:30 +0000 2016,RT @ReutersIndia: Drones are mapping Indian cities - where they're allowed https://t.co/YAypKZcvMi By @rinachandran https://t.co/h4LHFUyRLm,306068739,Janaagraha,Janaagraha1,[]
803760834098786304,Wed Nov 30 00:41:30 +0000 2016,BlackBerry PRIV STV-100 - 32GB - Black Smartphone Unlocked Brand New In Box https://t.co/Fm9vFBfFer https://t.co/yztfQNTDTg,786288115115696128,gawana twioloni,gawana_twioloni,[]
803760838318362624,Wed Nov 30 00:41:31 +0000 2016,really sad whip,2719631985,nina,chalupajosh,[]
803760838301650944,Wed Nov 30 00:41:31 +0000 2016,RT @JaureguiDuh: El video de TMG es uno de los mejores que tienen las chicas y es una lastima que por poca promocion mucha gente no vea eso,3096798974,"vale,, | DOPE",H4RRYFUICI0SO,[]
803760838297448448,Wed Nov 30 00:41:31 +0000 2016,I've been on anxiety meds for a few years now but I guess over time my body has learned to hate me more cause I def need a higher dose.,75983354,breeyonce,Kermiticus,[]
803760838310031360,Wed Nov 30 00:41:31 +0000 2016,"Cam Akers Total Career Yards:  
12,798 yards and 142 TD's
1 INT TD= 143 Total TD's",2730769544,Clinton Arrows Radio,ArrowsRadio,[]
803760838318424064,Wed Nov 30 00:41:31 +0000 2016,RT @tbhjason: This is crazy... #PrayForGatlinburg #PrayForTheSmokies https://t.co/OKgIHph7qq,2296361020,Morgan Lodwick,Morganlodwick_,"[u'PrayForGatlinburg', u'PrayForTheSmokies']"
803760838301675521,Wed Nov 30 00:41:31 +0000 2016,#LSU No. 21 in latest CFP rankings https://t.co/eTMcbjyYyv,63193260,Jim Kleinpeter,JimKleinpeter,[u'LSU']
803760838310068228,Wed Nov 30 00:41:31 +0000 2016,Ai meu cu to precisando resolver isso ai shjsjsjs https://t.co/Ib5bWSWcTh,2862681096,Bella,IsaCarrielo,[]
803760838318268416,Wed Nov 30 00:41:31 +0000 2016,fallin' for ya,3190519400,s a s a,sara_sorenson99,[]
803760838318247936,Wed Nov 30 00:41:31 +0000 2016,@AkimAguilar https://t.co/CcSDEsaqdC,792505315233140736,TuMaridoHD,TuMaridoHD,[]
803760842504290305,Wed Nov 30 00:41:32 +0000 2016,RT @nishu4578: @Gurmeetramrahim @narendramodi baba Ji and modi ji always have a keen vision for the betterment of society,751029229899350016,TARSEM INSAN,Tarsem00314034,[]
803760842479173636,Wed Nov 30 00:41:32 +0000 2016,"RT @ABOOGlE_: If anyone can have it, I don't want it.",37680525,IXIIVIVII_,Amazin_me_,[]
803760842483191808,Wed Nov 30 00:41:32 +0000 2016,@fedevarelae por favor,701834107635032064,Rosario,rochisuarezj,[]
803760842508472321,Wed Nov 30 00:41:32 +0000 2016,RT @What_Tee: great lagging host already,788556906696679424,Chase Da Pimp,ChaseDaPimp,[]
803760842483363840,Wed Nov 30 00:41:32 +0000 2016,"Telkomsel: chivaalrous Keterangan gagalnya bagaimana? Menggunakan HP apa? Pastikan menggunakan jaringan Telkomsel, bukan wifi. -Nada",709957676420218881,lock mute,Kaeixo,[]
803760842474864640,Wed Nov 30 00:41:32 +0000 2016,RT @VeriiAcostaoK: #QuieroByBoraBora https://t.co/4QQAnYZDdE,733635883849633792,PattyAtaryEcuador,PatyMyBEcua,[u'QuieroByBoraBora']
